category,title,content,keywords
"Company","About QBS Global","QBS Global FZCO is a Dubai-based agency and software studio, licensed in the IFZA Free Zone. We run four service lines for growing businesses worldwide: Social Media Management; Software, AI and Automation; Project Management; and HR Consultancy with global hiring (Employer of Record). We are founder-led — you work directly with the people who deliver the work.","about, who, company, what is qbs, qbs global, services, what do you do"
"Company","Jurisdiction and license","QBS Global FZCO is registered in the IFZA Free Zone, Dubai, UAE, under Trade Licence 52838. Licensed activities cover Social Media Marketing, Software Houses, Project Management Services, and HR Consultancy.","license, ifza, jurisdiction, legal, dubai, registration, trade licence"
"Company","Service coverage","Software, AI and automation, social media management, and project management are delivered worldwide. Global hiring via Employer of Record also operates internationally. Traditional UAE HR compliance work (visas, MOHRE filings, Emiratization) is UAE and GCC only.","global, where, coverage, international, locations, worldwide"
"Company","Contact","Email sales@qbsglobal.ae. WhatsApp or call +971 56 181 4519. Website qbsglobal.ae. Based in Dubai, UAE, working with clients globally.","contact, email, phone, whatsapp, reach, get in touch, address"
"Company","Founder-led","QBS Global is founder-led — on your call you speak directly with the person who designs and builds your solution, not an account manager. The founder is PMP-certified.","founder, who runs, leadership, founder led, team"
"Company","Why QBS Global","We pair an in-house SaaS portfolio with full-service delivery — the same team that built our own products runs your projects. One accountable partner for software, AI, automation, social, projects, and people.","why, differentiator, advantage, portfolio, what makes you different"
"Pricing","How pricing works","Pricing is tailored to each project's scope — there are no fixed packages or per-seat fees published. Tell us what you need and we will give you a clear quote on a free call. Talk to us for a quote.","price, pricing, cost, how much, fees, budget, rates, quote, discount"
"Service: Social Media","Overview","Social Media Management covers strategy, content creation, scheduling and publishing, community management, paid advertising, and analytics across Meta, Instagram, TikTok, LinkedIn, X, and YouTube — handled end to end so you do not need an in-house team.","social media, smm, content, instagram, facebook, tiktok, linkedin, posting"
"Service: Social Media","What is included","A content strategy and calendar, on-brand content (posts, graphics, captions, reels), scheduling and publishing, community management (replies, comments, DMs), optional paid-ad management, and monthly performance reporting.","included, deliverables, what you get, content calendar, reporting"
"Service: Social Media","Who it is for","Founders and brands who want a consistent, professional, on-brand presence without hiring an in-house social team, or whose social currently looks inactive or off-brand.","who, ideal customer, brand, founder, business"
"Service: Social Media","Add-ons","Optional add-ons include chatbots (WhatsApp, Messenger), social commerce setup, influencer campaigns, AR filters, social audits, and training workshops.","add-ons, chatbot, whatsapp bot, influencer, audit, training, shop"
"Service: Software","Overview","Software, AI and Automation: custom websites and apps, AI agents trained on your business, and automation that removes manual work — designed, built, and run by one team.","software, development, ai, automation, websites, apps, build, custom"
"Service: Software","Custom software and websites","Business websites, web and mobile apps, MVPs, e-commerce, landing pages, internal tools and portals — designed, built, and maintained by our team.","website, web app, mobile app, mvp, ecommerce, portal, internal tool, custom software"
"Service: Software","AI agents and assistants","Support and lead-capture chatbots trained on your own content; ask-your-documents internal assistants (RAG over your files); voice agents; and AI features built into your product such as smart search, summaries, drafting, and classification. The assistant in the corner of this website is one we built.","ai agent, chatbot, assistant, rag, knowledge base bot, voice agent, ai feature, llm"
"Service: Software","Business process automation","We connect your tools, automatically process documents (invoices, forms), and remove repetitive manual steps so your team spends time on real work instead of busywork.","automation, workflow, process automation, integration, document processing, zapier, n8n"
"Service: Software","AI integration","We add AI capabilities to existing products and workflows using leading model providers (Anthropic, OpenAI, Google) — chat, search, extraction, and decision support, wired into your systems.","ai integration, openai, anthropic, gemini, machine learning, api"
"Service: Software","Who it is for","Founders and operations leaders who need custom tools, AI, or automation but do not have an in-house development team — and teams drowning in manual work.","who, ideal customer, startup, founder, operations, no dev team"
"Service: Project Management","Overview","PMP-certified project managers who run your projects remotely — governance, planning, reporting, and delivery — as a full-time extension of your team, without the cost of a full-time hire.","project management, pm, pmp, remote, delivery, governance"
"Service: Project Management","PMP-certified","Our project management is led by a PMP-certified founder and a network of certified project managers. You get senior, certified PM rigour on demand.","pmp, certified, qualified, credentials, senior pm"
"Service: Project Management","What they manage","Delivery governance, planning, sprint and milestone tracking, risk and stakeholder management, clear status reporting, agile/Scrum facilitation, PMO setup, and change management.","governance, planning, scrum, agile, risk, reporting, pmo, milestones, change management"
"Service: Project Management","Who it is for","Scaling teams without a dedicated PM, founders running delivery themselves, and companies running complex or multi-team projects who need senior project management without a full-time hire.","who, ideal customer, scaling, complex projects, no pm"
"Service: HR and Global Hiring","Overview","Two things under one roof: HR consultancy (recruitment, policy, compliance) and global hiring — hire dedicated full-time talent abroad through our Employer of Record and offshore staff augmentation, without opening a foreign entity.","hr, human resources, hiring, global hiring, eor, staffing"
"Service: HR and Global Hiring","Employer of Record (EOR)","We become the legal employer for your hire in their country and handle payroll, local taxes, labour law, and full compliance — so you can hire abroad with no foreign entity and none of the misclassification risk that comes with contractors.","eor, employer of record, hire abroad, no entity, compliance, payroll, contractor risk, misclassification"
"Service: HR and Global Hiring","Offshore staff augmentation","Your hire is a dedicated, full-time extension of your own team — you manage their day-to-day work and priorities; we handle the employment, payroll, and HR behind the scenes.","staff augmentation, offshore, dedicated team, remote staff, extend my team, full time talent"
"Service: HR and Global Hiring","Managed office","Your offshore employee works from our managed office with reliable internet, power backup, and proper equipment, fully set up — not a home desk.","managed office, workspace, equipment, internet, power backup, office"
"Service: HR and Global Hiring","HR consultancy (UAE and GCC)","In the UAE and GCC we also provide local HR consultancy: recruitment, HR policy and handbooks, performance management, compliance, visas and MOHRE filings, and employer branding.","hr consulting, recruitment, mohre, policy, visa, handbook, emiratization, employer branding"
"Service: HR and Global Hiring","Who it is for","Founders and People/Talent leaders at roughly 30 to 300-person companies (US, UK, and global) who found talent abroad and need to hire it compliantly without setting up a foreign entity.","who, ideal customer, people leader, talent, founder, scaling, us, uk"
"Bundles","Digital transformation","Project Management combined with Software, AI and Automation for end-to-end transformation — strategy, delivery, and change management in one engagement.","digital transformation, pm plus software, bundle"
"Bundles","Employer branding","HR and global hiring combined with Social Media Management to build your employer brand — careers presence, recruitment marketing, and ongoing content.","employer brand, hr plus social, evp, careers, bundle"
"Bundles","HR tech","HR advisory combined with custom software to build or customise hiring, onboarding, or performance tools.","hr tech, hris, ats, hr software, bundle"
"Product: BroadcastAI","Overview","BroadcastAI is our AI-powered broadcast transcription product for enterprise broadcasters.","broadcastai, transcription, ai, broadcast"
"Product: Rekroot","Overview","Rekroot is our applicant tracking system for SMBs and recruitment agencies — post jobs, screen applicants, schedule interviews, and track the pipeline. Live at rekroot.ae.","rekroot, ats, applicant tracking, hiring software, recruitment software"
"Product: DeliverHub","Overview","DeliverHub is our client delivery platform for agencies — projects, deliverables, approvals, and client communication in one place.","deliverhub, client portal, agency tool, project delivery"
"Product: TenantDesk","Overview","TenantDesk is our property management platform for landlords and property managers — tenant records, rent tracking, maintenance, and communication.","tenantdesk, property management, landlord, rent tracking"
"Product: SponsorSuq","Overview","SponsorSuq is our creator-brand marketplace connecting influencers with brands for paid collaborations.","sponsorsuq, creator marketplace, influencer marketplace, sponsorship"
"Product: QBS Outreach","Overview","QBS Outreach is our sales pipeline platform — lead enrichment, multi-channel sequences, intent tracking, and CRM.","qbs outreach, crm, sales, lead generation, pipeline"
"FAQ","What does QBS Global do?","We run four service lines: Social Media Management; Software, AI and Automation; Project Management (PMP-certified, remote); and HR Consultancy with global hiring (Employer of Record). Most clients start with one and expand into the others.","what do you do, services, offerings, service lines"
"FAQ","Do you work outside the UAE?","Yes. Software, AI and automation, social media, project management, and global hiring (EOR) are delivered internationally. Only traditional UAE HR compliance work (visas, MOHRE) is limited to the UAE and GCC.","international, global, outside uae, work abroad, worldwide"
"FAQ","Can you hire staff for us abroad?","Yes — through our Employer of Record and offshore staff augmentation. We become the legal employer in the talent's country, handle payroll, tax, and labour-law compliance, and your hire works full-time as part of your team from our managed office. No foreign entity needed.","eor, hire abroad, employer of record, offshore, staff, global hiring"
"FAQ","Are your project managers PMP-certified?","Yes. Our project management practice is led by a PMP-certified founder and a network of certified project managers, working remotely as an extension of your team.","pmp, certified, project manager, qualified"
"FAQ","Can you build an AI agent or chatbot?","Yes. We build AI agents and assistants trained on your own content — support and lead-capture chatbots, internal ask-your-documents assistants, and voice agents — plus AI features inside your own software. The assistant on this site is one of ours.","ai agent, chatbot, build ai, assistant, automation"
"FAQ","How much does it cost?","Pricing is tailored to each project's scope, so we do not publish fixed prices. Tell us what you need and we will give you a clear quote on a free call. Talk to us for a quote.","price, cost, how much, pricing, fees, budget, quote"
"FAQ","How fast can we start?","Most engagements start within a week or two. Software and EOR projects begin after a short discovery call to scope the work. We will map the timeline with you on the call.","start, kickoff, timeline, how fast, when can we begin"
"FAQ","Contract length","Retainer engagements are month-to-month with no long-term lock-in. We will confirm terms for project-based work when we scope it.","contract, lock-in, term, length, cancel, commitment"
"FAQ","Free consultation","Yes — we offer a free 30-minute discovery call to scope any engagement. Book through the form on qbsglobal.ae, message us on WhatsApp at +971 56 181 4519, or email sales@qbsglobal.ae.","free call, consultation, discovery, free meeting, book a call"
"Lead Capture","Custom quote or anything else","If you want a quote, partnership terms, or anything not covered here, share your name, work email, and a one-line description of what you need, and the team will follow up within one business day.","custom quote, partnership, special request, get a quote"
"Lead Capture","Out-of-scope fallback","If a question cannot be answered from this knowledge base, capture the visitor's name, email, and question so a teammate can follow up within one business day.","fallback, dont know, out of scope, escalate, not sure"
